LineNumber,Text
1,Own a THAT’S AMORE Franchise
2,A High-Demand Business with Broad Market Appeal The Great Debate. New
3,York. Chicago.
4,
5,Why settle for just one style of pizza when you can have the best of
6,"both? For over a decade, That’s Amore Chicago and New York Style"
7,"Pizzeria has built a reputation as the “Home of the Great Debate,”"
8,serving up both New York AND Chicago-style pies un - der one roof with
9,"flavors that keep customers coming back again and again. Now, we’re"
10,inviting passionate entrepreneurs everywhere to bring this unique
11,concept to their communities and be part of something truly special.
12,That’s Amore Chicago and New York Style Pizzeria isn’t just another
13,"pizza franchise—it’s an opportunity to own a proven, in-demand brand"
14,with a recipe for profitability and simplified management. Established
15,"in 2012, our turnkey business model is designed for efficiency and"
16,"long-term growth. Our extensive menu ensures broad appeal, catering to"
17,"families and Italian food fans alike. Plus, our catering services create"
18,"addi - tional revenue streams, making this an investment with limitless"
19,"potential. The demand for fresh, delicious food never fades, and our"
20,franchise is designed to deliver exactly that—while giving our partners
21,"the tools, training, and support needed to succeed. Join a franchise"
22,that brings people together over great food and even better experiences.
23,If you’re ready to invest in a business that blends a passion for pizza
24,"with a winning formula, That’s Amore is the opportunity you’ve been"
25,looking for.Join a Fast-Growing Pizza Franchise with a
26,Unique Dual-Style Menu and Turnkey Operations Let’s settle the debate…
27,and make some dough together! 2
28,
29,A PROVEN CONCEPT THAT WORKS: We’re not experiment - ing—we’ve perfected
30,our model. Our flagship serves as the foundation for a model designed
31,"for growth. It has been fine-tuned for efficiency, quality, and"
32,"profitability, ensuring franchisees can replicate our winning formula."
33,"STRONG PROFIT POTENTIAL: Pizza is always in demand, and with a r"
34,"easonable start-up cost and impressive potential ROI, our franchise"
35,"offers a smart, scalable investment in a booming industry. Our concept"
36,"works for a wide range of demographics, creating flexibility and"
37,freedom.
38,"SIMPLE OPERATIONS, BIG RESULTS: Running a That’s Amore franc hise"
39,doesn’t req uire years of experience or complex management sys - tems.
40,"Our plug-and-play plans make it easy to learn, launch, and grow—so you"
41,can focus on delivering top-quality food and stand-out service.
42,NATIONWIDE APPEAL FOR PIZZA: Great pizza and great choic - es ne ver go
43,out of styl e. That’s Amore is a brand that gives customers exact - ly
44,"what they want: high-quality ingredients, authentic flavors, and so many"
45,options. Our model is easily adaptable to diverse U.S. markets. BUILT ON
46,"INTEGRITY AND EXPERIENCE: Since 2012, That’s Amore has built a"
47,"reputation for quality, consistency, and community. Our leadership team"
48,"is committed to excellence in every aspect of the business, ensuring"
49,that franchisees receive the same level of dedication and support.
50,"3Invest in a Streamlined System, Strong Brand Name, and"
51,Long-Term Growth Potential
52,
53,The Right Ingredients
54,for Franchise Success That’s Amore is looking for franchisees who bring
55,"passion, personality, and a love for connecting with people. If you’re"
56,"excited about running a restaurant, enjoy engaging with customers and"
57,"staff, and have strong leadership skills, you’re exactly who we want on"
58,"our team. Experience in management is a plus, but our model is teachable"
59,"to anyone who is willing to learn, so whether you’re a seasoned"
60,restaurateur or a business-minded entrepreneur looking for a delicious
61,"new opportunity, That’s Amore is ready to take your career to the next"
62,level! 4
63,
64,Day-to-Day Operational Support:
65,"From food prep to pricing, That’s Amore has got your back. We offer"
66,ongoing support in all aspects of day-to-day fran - chise management to
67,ensure your restaurant runs smoothly.
68,
69,Marketing That Drives Customers In:
70,"We help spread the word and build a loyal customer base, providing"
71,"advertising materials, engagement strategies, and promotional plans to"
72,keep your restaurant top of mind.
73,"Prime Locations for Maximum Success: Location is key, and we help get it"
74,"right. We provide lease worksheets, demographic analysis, and in-person"
75,approv - als in your exclusive territory so you can franchise with
76,confidence.
77,"Always Innovating and Advancing: The pizza industry is always evolving,"
78,and we stay ahead of the game. Our leadership team continually
79,researches new tech - niques and best practices to keep our franchisees
80,profitable.
81,
82,Hands-On Training for a Strong Start:
83,"Franchisees receive two to three weeks of training at our headquarters,"
84,covering everything from cooking and inven - tory to point-of-sale
85,systems. We also provide two weeks of on-site guidance before launch.
86,We’ve Got
87,Everything
88,"You Need We believe success starts with a strong foundation, which is"
89,why we offer comprehensive support to our franchi - sees every step of
90,"the way. With an experienced leadership team by your side, you’ll never"
91,have to go it alone. We don’t just hand you the keys and wish you
92,luck—we partner with you to help you build something great!
93,5
94,
95,FRANCHISE FEE: $25k 5%ROYALTY FEE: MINIMUM INITIAL INVESTMENT: of gross
96,sales(with franchise fee) Local Advertising: 3% of Gross Sales Corporate
97,"Marketing Fund: 1% of Gross Sales$212,600The Numbers 6"
98,
99,Get
100,Yourself a Slice of Success! That’s Amore isn’t just another pizza
101,"fran - chise—it’s a unique and proven concept with a strong foundation,"
102,"broad appeal, and"
103,a simple yet effective model. This is an ex - citing opportunity in a
104,high-demand indus - try backed by a well-seasoned team. Don’t miss your
105,chance to bring the “Home of the Great Debate” to your community.
106,Contact us today to get started! 7
107,
108,This is not a franchise offering. A franchise offering can be made by us
109,"only in a state if we are first registered, excluded, exempted or"
110,"otherwise qualified to offer franchises in that state, and only if we"
111,provide you with an appropriate franchise disclosure document. Follow-up
112,or individualized responses to you that involve either effecting or
113,attempting to effect the sale of a franchise will be made only if we are
114,"first in compliance with state registration requirements, or are covered"
115,by an applicable state exclusion or exemption.
116,"4441 West Metairie Ave Metairie, Louisiana 70001 504-473-5384"
117,Kennedyda24@att.net ThatsAmoreFranchise.com
